+----------+--------------------------------------------------------------------------------------------------------------------------------------------------------------------------------------------------------------------------------------------------------------+
| Letter   | Guest Names                                                                                                                                                                                                                                                  |
+==========+==============================================================================================================================================================================================================================================================+
| A        | Isabella Adams, Mohammed Adams, Sofia Adams, Ananya Adams, Amelia Adams, Nathan Adams, Hiroshi Adams, Emily Adams, Amelia Adams, Mohammed Adams, Yusuke Adams, Arjun Adams                                                                                   |
+----------+--------------------------------------------------------------------------------------------------------------------------------------------------------------------------------------------------------------------------------------------------------------+
| B        | Nathan Brown, Samantha Brown, Aarav Brown, Ella Brown, John Brown, Emily Brown, Yuki Brown, Mohammed Brown, Maria Brown, Alexandre Brown                                                                                                                     |
+----------+--------------------------------------------------------------------------------------------------------------------------------------------------------------------------------------------------------------------------------------------------------------+
| C        | Emily Clark, Mohammed Clark, Yusuke Clark, Alexandre Clark, Mohammed Clark, Ananya Clark, Luis Clark, Emily Clark, Ananya Clark, Isabella Clark, Arjun Clark, Liam Clark, Emily Clark                                                                        |
+----------+--------------------------------------------------------------------------------------------------------------------------------------------------------------------------------------------------------------------------------------------------------------+
| D        | Liam Davis, Arjun Davis, Samantha Davis, Ananya Davis, Yusuke Davis, Mohammed Davis, Arjun Davis, Natasha Davis, Ananya Davis, Nathan Davis, Isabella Davis, Yuki Davis, Mohammed Davis, Liam Davis, Alexandre Davis                                         |
+----------+--------------------------------------------------------------------------------------------------------------------------------------------------------------------------------------------------------------------------------------------------------------+
| E        | Mohammed Evans, Arjun Evans, Aarav Evans, Alexandre Evans, Sofia Evans, Liam Evans, Yusuke Evans, Maria Evans, Ella Evans, Ella Evans, Arjun Evans, Yusuke Evans, Yuki Evans, Hiroshi Evans                                                                  |
+----------+--------------------------------------------------------------------------------------------------------------------------------------------------------------------------------------------------------------------------------------------------------------+
| F        | Yusuke Frank, Alexandre Frank, Aarav Frank, Amelia Frank                                                                                                                                                                                                     |
+----------+--------------------------------------------------------------------------------------------------------------------------------------------------------------------------------------------------------------------------------------------------------------+
| G        | Amelia Gomez, Nathan Gomez, Emily Gomez, Sofia Gomez, Alexandre Gomez, Sofia Gomez, Alexandre Gomez, Yusuke Gomez, Alexandre Gomez, Natasha Gomez, John Gomez, Alexandre Gomez, Luis Gomez                                                                   |
+----------+--------------------------------------------------------------------------------------------------------------------------------------------------------------------------------------------------------------------------------------------------------------+
| H        | Nathan Hall, Ella Hall, Mohammed Hall, Yusuke Hall, Ella Hall, Amelia Hall, Amelia Hall, Liam Hall, John Hall, Ananya Hall, Isabella Hall, Mohammed Hall, Luis Hall                                                                                          |
+----------+--------------------------------------------------------------------------------------------------------------------------------------------------------------------------------------------------------------------------------------------------------------+
| I        | Ananya Irwin, Ella Irwin, Samantha Irwin, Mohammed Irwin, Yuki Irwin, Yusuke Irwin, Liam Irwin, Natasha Irwin, Luis Irwin                                                                                                                                    |
+----------+--------------------------------------------------------------------------------------------------------------------------------------------------------------------------------------------------------------------------------------------------------------+
| J        | Alexandre Johnson, Luis Johnson, Amelia Johnson, Hiroshi Johnson, Nathan Johnson, John Johnson, Nathan Johnson, Sofia Johnson, Sofia Johnson, Isabella Johnson                                                                                               |
+----------+--------------------------------------------------------------------------------------------------------------------------------------------------------------------------------------------------------------------------------------------------------------+
| K        | Hiroshi Klein, Aarav Klein, John Klein, Hiroshi Klein, John Klein, Alexandre Klein, Natasha Klein, Liam Klein, Natasha Klein, Yusuke Klein, Mohammed Klein                                                                                                   |
+----------+--------------------------------------------------------------------------------------------------------------------------------------------------------------------------------------------------------------------------------------------------------------+
| L        | Natasha Lee, Alexandre Lee, Yuki Lee, Ananya Lee, John Lee, Mohammed Lee                                                                                                                                                                                     |
+----------+--------------------------------------------------------------------------------------------------------------------------------------------------------------------------------------------------------------------------------------------------------------+
| M        | John Miller, Isabella Miller, Mohammed Miller, Maria Miller, Natasha Miller, Nathan Miller, Luis Miller, Isabella Miller, Samantha Miller, Sofia Miller, Sofia Miller, Yusuke Miller, Luis Miller, Samantha Miller, Maria Miller, Yusuke Miller, John Miller |
+----------+--------------------------------------------------------------------------------------------------------------------------------------------------------------------------------------------------------------------------------------------------------------+
| N        | Amelia Nguyen, Natasha Nguyen, Arjun Nguyen, Amelia Nguyen, Ananya Nguyen, Sofia Nguyen, Luis Nguyen, Alexandre Nguyen, Ella Nguyen, Luis Nguyen, John Nguyen, Yusuke Nguyen, Isabella Nguyen                                                                |
+----------+--------------------------------------------------------------------------------------------------------------------------------------------------------------------------------------------------------------------------------------------------------------+
| O        | Maria O'Connor, Natasha O'Connor, Maria O'Connor, Samantha O'Connor, Isabella O'Connor, Yusuke O'Connor, Natasha O'Connor, Luis O'Connor, Mohammed O'Connor, Arjun O'Connor                                                                                  |
+----------+--------------------------------------------------------------------------------------------------------------------------------------------------------------------------------------------------------------------------------------------------------------+
| P        | John Patel, Alexandre Patel, Liam Patel, Natasha Patel, Sofia Patel, John Patel, Aarav Patel, Maria Patel, Arjun Patel                                                                                                                                       |
+----------+--------------------------------------------------------------------------------------------------------------------------------------------------------------------------------------------------------------------------------------------------------------+
| Q        | Aarav Quinn, Sofia Quinn, Mohammed Quinn, Samantha Quinn, Liam Quinn, Emily Quinn, John Quinn, John Quinn, Nathan Quinn, Ella Quinn, Liam Quinn, Hiroshi Quinn, Luis Quinn, Nathan Quinn, Ella Quinn                                                         |
+----------+--------------------------------------------------------------------------------------------------------------------------------------------------------------------------------------------------------------------------------------------------------------+
| R        | Mohammed Rodriguez, Alexandre Rodriguez, Alexandre Rodriguez, Emily Rodriguez, Hiroshi Rodriguez, John Rodriguez, Emily Rodriguez, Sofia Rodriguez, Natasha Rodriguez, Amelia Rodriguez, Yusuke Rodriguez                                                    |
+----------+--------------------------------------------------------------------------------------------------------------------------------------------------------------------------------------------------------------------------------------------------------------+
| S        | Ananya Smith, Emily Smith, Hiroshi Smith, Liam Smith, Arjun Smith, Liam Smith, Luis Smith, Sofia Smith, Aarav Smith, Liam Smith, Natasha Smith, Maria Smith, Luis Smith, John Smith, Maria Smith, Natasha Smith, Emily Smith, Liam Smith, Yusuke Smith       |
+----------+--------------------------------------------------------------------------------------------------------------------------------------------------------------------------------------------------------------------------------------------------------------+
| T        | Sofia Taylor, Mohammed Taylor, Natasha Taylor, Yusuke Taylor, Amelia Taylor, Emily Taylor, Ella Taylor, Maria Taylor, Luis Taylor, Isabella Taylor, Luis Taylor, Yusuke Taylor                                                                               |
+----------+--------------------------------------------------------------------------------------------------------------------------------------------------------------------------------------------------------------------------------------------------------------+
| U        | Maria Ueda, Yuki Ueda, Mohammed Ueda, Samantha Ueda, Alexandre Ueda, Yuki Ueda                                                                                                                                                                               |
+----------+--------------------------------------------------------------------------------------------------------------------------------------------------------------------------------------------------------------------------------------------------------------+
| V        | Liam Vargas, Yusuke Vargas, John Vargas, Emily Vargas, Hiroshi Vargas, Natasha Vargas, Alexandre Vargas, Samantha Vargas, Arjun Vargas, Yusuke Vargas, Sofia Vargas, Aarav Vargas                                                                            |
+----------+--------------------------------------------------------------------------------------------------------------------------------------------------------------------------------------------------------------------------------------------------------------+
| W        | Ananya Williams, Alexandre Williams, Mohammed Williams, Maria Williams, Alexandre Williams, Ella Williams, Hiroshi Williams, Luis Williams, Arjun Williams, Emily Williams, Hiroshi Williams, Isabella Williams                                              |
+----------+--------------------------------------------------------------------------------------------------------------------------------------------------------------------------------------------------------------------------------------------------------------+
| X        | Mohammed Xiong, Yuki Xiong, Nathan Xiong, Amelia Xiong, Arjun Xiong, Emily Xiong, Luis Xiong, Luis Xiong, Luis Xiong, Samantha Xiong                                                                                                                         |
+----------+--------------------------------------------------------------------------------------------------------------------------------------------------------------------------------------------------------------------------------------------------------------+
| Y        | Alexandre Yang, Luis Yang, Ella Yang, Sofia Yang, Hiroshi Yang, Arjun Yang, Mohammed Yang, Emily Yang, Arjun Yang, Samantha Yang, Samantha Yang, Alexandre Yang, Liam Yang                                                                                   |
+----------+--------------------------------------------------------------------------------------------------------------------------------------------------------------------------------------------------------------------------------------------------------------+
| Z        | Nathan Zhang, Aarav Zhang, Yuki Zhang, Mohammed Zhang, Ananya Zhang, Nathan Zhang, Mohammed Zhang, Mohammed Zhang, Yuki Zhang, Isabella Zhang, Amelia Zhang                                                                                                  |
+----------+--------------------------------------------------------------------------------------------------------------------------------------------------------------------------------------------------------------------------------------------------------------+