+----------+------------------------------------------------------------------------------------------------------------------------------------------------------+
| Letter   | Gold Loyalty Guest Names                                                                                                                             |
+==========+======================================================================================================================================================+
| A        | Sofia Adams, Yusuke Adams, Arjun Adams, Mohammed Adams                                                                                               |
+----------+------------------------------------------------------------------------------------------------------------------------------------------------------+
| B        | Aarav Brown, Alexandre Brown, Samantha Brown                                                                                                         |
+----------+------------------------------------------------------------------------------------------------------------------------------------------------------+
| C        | Liam Clark, Arjun Clark, Ananya Clark, Yusuke Clark                                                                                                  |
+----------+------------------------------------------------------------------------------------------------------------------------------------------------------+
| D        | Mohammed Davis, Liam Davis, Yusuke Davis, Nathan Davis                                                                                               |
+----------+------------------------------------------------------------------------------------------------------------------------------------------------------+
| E        | Aarav Evans, Alexandre Evans, Sofia Evans, Ella Evans, Yusuke Evans, Hiroshi Evans, Ella Evans, Arjun Evans, Yuki Evans                              |
+----------+------------------------------------------------------------------------------------------------------------------------------------------------------+
| F        | Yusuke Frank, Amelia Frank                                                                                                                           |
+----------+------------------------------------------------------------------------------------------------------------------------------------------------------+
| G        | Natasha Gomez, Sofia Gomez, Emily Gomez                                                                                                              |
+----------+------------------------------------------------------------------------------------------------------------------------------------------------------+
| H        | Amelia Hall, Nathan Hall, Yusuke Hall                                                                                                                |
+----------+------------------------------------------------------------------------------------------------------------------------------------------------------+
| I        | Ananya Irwin, Samantha Irwin, Luis Irwin, Yuki Irwin                                                                                                 |
+----------+------------------------------------------------------------------------------------------------------------------------------------------------------+
| J        | Sofia Johnson, Sofia Johnson, Alexandre Johnson, Nathan Johnson                                                                                      |
+----------+------------------------------------------------------------------------------------------------------------------------------------------------------+
| K        | Liam Klein, Yusuke Klein, John Klein                                                                                                                 |
+----------+------------------------------------------------------------------------------------------------------------------------------------------------------+
| L        | Yuki Lee, Natasha Lee                                                                                                                                |
+----------+------------------------------------------------------------------------------------------------------------------------------------------------------+
| M        | Sofia Miller, Isabella Miller, Luis Miller, Maria Miller, Luis Miller, Isabella Miller, Yusuke Miller, Samantha Miller, Nathan Miller, Yusuke Miller |
+----------+------------------------------------------------------------------------------------------------------------------------------------------------------+
| N        | Amelia Nguyen, Isabella Nguyen, Ella Nguyen, Luis Nguyen, John Nguyen                                                                                |
+----------+------------------------------------------------------------------------------------------------------------------------------------------------------+
| O        | Yusuke O'Connor, Maria O'Connor, Arjun O'Connor                                                                                                      |
+----------+------------------------------------------------------------------------------------------------------------------------------------------------------+
| P        | Natasha Patel, Sofia Patel                                                                                                                           |
+----------+------------------------------------------------------------------------------------------------------------------------------------------------------+
| Q        | Ella Quinn, Hiroshi Quinn, John Quinn, Liam Quinn, Liam Quinn                                                                                        |
+----------+------------------------------------------------------------------------------------------------------------------------------------------------------+
| R        | Alexandre Rodriguez, Amelia Rodriguez, Hiroshi Rodriguez                                                                                             |
+----------+------------------------------------------------------------------------------------------------------------------------------------------------------+
| S        | Maria Smith, Maria Smith, Liam Smith                                                                                                                 |
+----------+------------------------------------------------------------------------------------------------------------------------------------------------------+
| T        | Luis Taylor, Emily Taylor, Maria Taylor, Yusuke Taylor, Amelia Taylor, Mohammed Taylor, Natasha Taylor                                               |
+----------+------------------------------------------------------------------------------------------------------------------------------------------------------+
| U        | Samantha Ueda, Alexandre Ueda                                                                                                                        |
+----------+------------------------------------------------------------------------------------------------------------------------------------------------------+
| V        | Yusuke Vargas, Sofia Vargas, Natasha Vargas, Yusuke Vargas, John Vargas                                                                              |
+----------+------------------------------------------------------------------------------------------------------------------------------------------------------+
| W        | Isabella Williams, Alexandre Williams, Hiroshi Williams, Maria Williams, Ananya Williams, Luis Williams                                              |
+----------+------------------------------------------------------------------------------------------------------------------------------------------------------+
| X        | Amelia Xiong, Arjun Xiong, Luis Xiong                                                                                                                |
+----------+------------------------------------------------------------------------------------------------------------------------------------------------------+
| Y        | Alexandre Yang, Alexandre Yang, Arjun Yang, Samantha Yang                                                                                            |
+----------+------------------------------------------------------------------------------------------------------------------------------------------------------+
| Z        | Ananya Zhang, Yuki Zhang, Mohammed Zhang, Mohammed Zhang, Isabella Zhang                                                                             |
+----------+------------------------------------------------------------------------------------------------------------------------------------------------------+